url_path,views_total,views_unique
/Julia-Tempering/Pigeons.jl,19,14
/Julia-Tempering/Pigeons.jl/pull/442,17,3
/julia-tempering/pigeons.jl,14,8
/Julia-Tempering/Pigeons.jl/blob/main/src/explorers/MALA.jl,12,1
/Julia-Tempering/Pigeons.jl/tree/main/src/explorers,12,1
/Julia-Tempering/Pigeons.jl/pulls,10,3
/Julia-Tempering/Pigeons.jl/commits/main,10,2
/Julia-Tempering/Pigeons.jl/issues/438,6,4
/Julia-Tempering/Pigeons.jl/tree/main/src,6,2
/Julia-Tempering/Pigeons.jl/blob/main/src/explorers/SliceSampler.jl,5,1
